id,slug,name,subtitle,hero_image_url,description,highlights,brochure_url,house_types,facility_image_1,facility_image_2,facilities,nearby_places,map_image_url,map_embed_url,gallery_images,facebook_url,line_url,youtube_url,website_url,is_published,sort_order,created_at,updated_at
1f4acbec-ddea-41ae-a0f1-08cd2d955582,palm-springs-privato,Palm Springs Privato,,https://dkdrfftuvroetapqrqbf.supabase.co/storage/v1/object/public/project-detail-images/1778658605459-vds28o867d.jpg,"Live The Ultimate Life  ที่สุด...แห่งการใช้ชีวิตที่เพียบพร้อม

ด้วยคุณค่าแห่งความสำเร็จยาวนานกว่า 37 ปี Palm Springs Privato โครงการแห่งความภาคภูมิใจ จาก Palm Springs บนพื้นที่ 11 ไร่ ในทำเล ศักยภาพ ติดถนนใหญ่ ใกล้แหล่งอำนวยความสะดวกครบครัน เชื่อมต่อสุ่สนามบินได้เพียง 10 นาที พร้อมดีไซน์ที่หรูหรา ในสไตล์ Modern Luxury เรียบง่ายแต่หรูหรา มีเอกลักษณ์เฉพาะ สะท้อนรสนิยิมของผุ้อยู่อาศัยได้อย่างชัดเจน พิถีพิถันในการออกแบบ พื้นที่ภายในบ้านให้ตอบรับกับไลฟ์สไตล์ของผุ้อยุ่อาศัยได้อย่างสมบูรณ์แบบที่สุด สร้างสถานที่พักผ่อนส่วนตัว พื้นที่...สำหรับคนที่คุณรัก พื้นที่พิเศษ...ให้คุณได้ สัมผัสความงดงามของชีวิตมากกว่าที่เคย",[],https://dkdrfftuvroetapqrqbf.supabase.co/storage/v1/object/public/project-pdfs/1775588315730-oq3rldalbsj.pdf,"[{""name"":""Prime"",""specs"":[{""label"":""Walk in closet"",""value"":""""},{""label"":""4 ห้องนอน 3 ห้องน้ำ"",""value"":""""},{""label"":""ที่จอดรถ 2 คัน"",""value"":""""},{""label"":""พื้นที่ใช้สอย 213 ตร.ม."",""value"":""""}],""imageUrl"":""https://dkdrfftuvroetapqrqbf.supabase.co/storage/v1/object/public/project-detail-images/1776847416649-v2g2yzai0s8.png""},{""name"":""Superior"",""specs"":[{""label"":""Walk in closet"",""value"":""""},{""label"":""4 ห้องนอน 5 ห้องน้ำ"",""value"":""""},{""label"":""ที่จอดรถ 3 คัน"",""value"":""""},{""label"":""พื้นที่ใช้สอย 285 ตร.ม."",""value"":""""}],""imageUrl"":""https://dkdrfftuvroetapqrqbf.supabase.co/storage/v1/object/public/project-detail-images/1776827921607-smtun8gx7t.png""}]",,,"[{""image1"":""https://dkdrfftuvroetapqrqbf.supabase.co/storage/v1/object/public/project-detail-images/1776827885085-qwfdvfmof3.png"",""image2"":""https://dkdrfftuvroetapqrqbf.supabase.co/storage/v1/object/public/project-detail-images/1776827887181-23hq8fm1pku.png"",""facilities"":[{""icon"":""park"",""name"":""สวนสาธารณะ""},{""icon"":""fitness"",""name"":""ฟิตเนส""},{""icon"":""security"",""name"":""รักษาความปลอดภัย""},{""icon"":""cctv"",""name"":""กล้องวงจรปิด""}],""linkedHouseName"":""Prime""},{""image1"":""https://dkdrfftuvroetapqrqbf.supabase.co/storage/v1/object/public/project-detail-images/1776827998157-w3pwrxi07a.png"",""image2"":""https://dkdrfftuvroetapqrqbf.supabase.co/storage/v1/object/public/project-detail-images/1776827985882-erws933nm6.png"",""facilities"":[{""icon"":""park"",""name"":""สวนสาธารณะ""},{""icon"":""security"",""name"":""รักษาความปลอดภัย""},{""icon"":""cctv"",""name"":""กล้องวงจรปิด""},{""icon"":""fitness"",""name"":""ฟิตเนส""}],""linkedHouseName"":""Superior""}]","[{""name"":""กาดฝรั่งวิลเลจ"",""unit"":""ม."",""details"":[""ถ. เชียงใหม่-หางดง"",""ถ.รอบเมืองเชียงใหม่""],""category"":""การเดินทาง"",""distance"":650},{""name"":""Premium Outlet"",""unit"":""ม."",""details"":[""บิ๊กซี หางดง"",""โลตัส หางดง"",""แมคโคร หางดง"",""สนามบินเชียงใหม่"",""กาดฝรั่ง""],""category"":""ไลฟ์สไตล์"",""distance"":850},{""name"":""Central Airport Plaza"",""unit"":""กม."",""details"":[""Meritton British International School "",""Ambassador Bilingual Academy"",""Panyaden International School"",""Lanna International School "",""Satit International Bilingual School of Rangsit University Chiangmai"",""American international school chiang mai "",""Chiang Mai Montessori International School"",""Grace International School "",""British Concordance International School""],""category"":""โรงเรียน"",""distance"":8.2},{""name"":""โรงพยาบาล เชียงใหม่ใกล้หมอ"",""unit"":""กม."",""details"":[""โรงพยาบาล หางดง""],""category"":""โรงพยาบาล"",""distance"":7.4}]",https://dkdrfftuvroetapqrqbf.supabase.co/storage/v1/object/public/project-detail-images/1775014179148-3iejy0i2ph.png,"https://www.google.com/maps/embed?pb=!1m18!1m12!1m3!1d3779.0449685116996!2d98.9343547!3d18.7068048!2m3!1f0!2f0!3f0!3m2!1i1024!2i768!4f13.1!3m3!1m2!1s0x30da3144fbbbe283%3A0xb3f5e4408304905!2sPalmsprings%20Privato!5e0!3m2!1sen!2sth!4v1775014191926!5m2!1sen!2sth"" width=""600"" height=""450"" style=""border:0;"" allowfullscreen="""" loading=""lazy"" referrerpolicy=""no-referrer-when-downgrade","[""https://dkdrfftuvroetapqrqbf.supabase.co/storage/v1/object/public/project-detail-images/1775014365746-5wwj0l0po5u.png"",""https://dkdrfftuvroetapqrqbf.supabase.co/storage/v1/object/public/project-detail-images/1776847658979-g1ev89hiti.png"",""https://dkdrfftuvroetapqrqbf.supabase.co/storage/v1/object/public/project-detail-images/1776847661033-1umz3i5cn4x.png"",""https://dkdrfftuvroetapqrqbf.supabase.co/storage/v1/object/public/project-detail-images/1776847718613-l8s0fqhpj7.png"",""https://dkdrfftuvroetapqrqbf.supabase.co/storage/v1/object/public/project-detail-images/1776847767258-cgvebyjva3b.png"",""""]",,,,,true,0,2026-04-01 03:22:21.493938+00,2026-05-18 08:23:21.158+00
203a36ac-e942-4aa4-bee1-d887dfc889b8,palm-ville-2,Palm Ville ถ.สันกำแพงสายใหม่,,https://dkdrfftuvroetapqrqbf.supabase.co/storage/v1/object/public/project-detail-images/1778577774023-qfv92xwz6wg.jpg,"Life is Simplicity สัมผัสความสุขที่เรียบง่าย ท่ามกลางธรรมชาติ

ตอบโจทย์ Life style กับบ้านเดี่ยวสไตล์ modern ลงตัวทุกมิติ มาพร้อมกับฟังก์ชั่น 4 ห้องนอน 5 ห้องนอน ที่จอดรถ 3 คัน โถงสูง 5 เมตร

Living is Necessary แท้จริงแล้วชีวิต อาจต้องการเพียงแค่สิ่งที่สำคัญ

เพราะบ้านเป็นพื้นที่สำหรับการอยู่อาศัย จึงใส่ใจพื้นที่การใช้สอยเป็นสำคัญ มีพื้นที่แบ่งเป็นสัดส่วน เตรียม Living space พื้นที่พักผ่อนให้กับสมาชิกในครอบครัว รวมไปถึงพื้นที่ส่วนตัวที่รองรับครอบครัวใหญ่ได้ถึง 4 ห้อง พร้อมห้องน้ำส่วนตัวหรือสามารถปรับเปลี่ยนเป็นห้องเอนกประสงค์ได้ตามความต้องการ",[],https://dkdrfftuvroetapqrqbf.supabase.co/storage/v1/object/public/project-pdfs/1775588249743-dag0h8miybv.pdf,"[{""name"":""Groove"",""specs"":[{""label"":""4 ห้องนอน 4 ห้องน้ำ"",""value"":""""},{""label"":""ที่จอดรถ 3 คัน"",""value"":""""},{""label"":""ที่ดินเริ่มต้น 60. ตร.ว."",""value"":""""},{""label"":""พื้นที่ใช้สอย 234 ตร.ม."",""value"":""""}],""imageUrl"":""https://dkdrfftuvroetapqrqbf.supabase.co/storage/v1/object/public/project-detail-images/1777430475124-r0z85hm0vwq.png""},{""name"":""WYDEN"",""specs"":[{""label"":""4 ห้องนอน 5 ห้องน้ำ"",""value"":""""},{""label"":""ที่จอดรถ 3 คัน"",""value"":""""},{""label"":""พื้นที่ใช้สอย 239 ตร.ม."",""value"":""""}],""imageUrl"":""https://dkdrfftuvroetapqrqbf.supabase.co/storage/v1/object/public/project-detail-images/1776827062862-15uzkoxhrxv.png""}]",,,"[{""image1"":""https://dkdrfftuvroetapqrqbf.supabase.co/storage/v1/object/public/project-detail-images/1776826960145-0956bb38ra4n.png"",""image2"":""https://dkdrfftuvroetapqrqbf.supabase.co/storage/v1/object/public/project-detail-images/1776826988821-1cua5c89bc1.png"",""facilities"":[{""icon"":""park"",""name"":""สวนสาธารณะ""},{""icon"":""clubhouse"",""name"":""คลับเฮาส์""},{""icon"":""security"",""name"":""รักษาความปลอดภัย""},{""icon"":""cctv"",""name"":""กล้องวงจรปิด""},{""icon"":""fitness"",""name"":""ฟิตเนส""},{""icon"":""pool"",""name"":""สระว่ายน้ำส่วนกลาง""}],""linkedHouseName"":""Groove""},{""image1"":""https://dkdrfftuvroetapqrqbf.supabase.co/storage/v1/object/public/project-detail-images/1776827103233-6rax80mu76.png"",""image2"":""https://dkdrfftuvroetapqrqbf.supabase.co/storage/v1/object/public/project-detail-images/1776827085702-64me25jjr2f.png"",""facilities"":[{""icon"":""park"",""name"":""สวนสาธารณะ""},{""icon"":""clubhouse"",""name"":""คลับเฮาส์""},{""icon"":""security"",""name"":""รักษาความปลอดภัย""},{""icon"":""cctv"",""name"":""กล้องวงจรปิด""},{""icon"":""fitness"",""name"":""ฟิตเนส""},{""icon"":""pool"",""name"":""สระว่ายน้ำส่วนกลาง""}],""linkedHouseName"":""WYDEN""}]","[{""name"":""ตลาดสดศรีอรุณ"",""unit"":""ม."",""details"":[""ถ. สันกำแพงสายเก่า"",""แยกบ่อสร้าง""],""category"":""การเดินทาง"",""distance"":50},{""name"":""โลตัส"",""unit"":""ม."",""details"":[""บิ๊กซี ดอนจั่น"",""เซ็นทรัลเฟสติวัล เชียงใหม่""],""category"":""ไลฟ์สไตล์"",""distance"":50},{""name"":""รร. สันกำแพง"",""unit"":""กม."",""details"":[""ม.พายัพ"",""รร.มงฟอร์ตวิทยาลัย"",""รร.นานาชาติยูนิตี้คอนคอร์ด"",""รร.นานาชาติ​อเมริกา​น่า​ไชนีส​""],""category"":""โรงเรียน"",""distance"":5.3},{""name"":""รพ.สันกำแพง"",""unit"":""กม."",""details"":[""โรงพยาบาลเชียงใหม่ราม 2"",""โรงพยาบาลแมคคอร์มิค""],""category"":""โรงพยาบาล"",""distance"":5.1}]",https://dkdrfftuvroetapqrqbf.supabase.co/storage/v1/object/public/project-detail-images/1775013478990-u7596afk9pg.png,"https://www.google.com/maps/embed?pb=!1m18!1m12!1m3!1d3778.329290445947!2d99.08397579999999!3d18.7388229!2m3!1f0!2f0!3f0!3m2!1i1024!2i768!4f13.1!3m3!1m2!1s0x30da2fdc37e726f7%3A0xa4481f8d01df5524!2zUGFsbSBWaWxsZSDguJvguLLguKXguYzguKHguKfguLTguKXguKXguYwg4LiWLuC4quC4seC4meC4geC4s-C5geC4nuC4h-C4quC4suC4ouC5g-C4q-C4oeC5iA!5e0!3m2!1sen!2sth!4v1775013527454!5m2!1sen!2sth"" width=""600"" height=""450"" style=""border:0;"" allowfullscreen="""" loading=""lazy"" referrerpolicy=""no-referrer-when-downgrade""","[""https://dkdrfftuvroetapqrqbf.supabase.co/storage/v1/object/public/project-detail-images/1777432338803-btzft9otvxm.png"",""https://dkdrfftuvroetapqrqbf.supabase.co/storage/v1/object/public/project-detail-images/1777442672710-qhciuknvu3i.jpg"",""https://dkdrfftuvroetapqrqbf.supabase.co/storage/v1/object/public/project-detail-images/1777433729825-22glxsb9c4r.png"",""https://dkdrfftuvroetapqrqbf.supabase.co/storage/v1/object/public/project-detail-images/1776847151342-ebv6kiua7nc.png"",""https://dkdrfftuvroetapqrqbf.supabase.co/storage/v1/object/public/project-detail-images/1776847153801-m5rcrmrqxgf.png"",""https://dkdrfftuvroetapqrqbf.supabase.co/storage/v1/object/public/project-detail-images/1776847197674-wh4e86wha5c.png"",""https://dkdrfftuvroetapqrqbf.supabase.co/storage/v1/object/public/project-detail-images/1776847303794-m8nfznj41ea.png"",""https://dkdrfftuvroetapqrqbf.supabase.co/storage/v1/object/public/project-detail-images/1776847306258-9izqnmhm6oa.png""]",,,,,true,0,2026-04-01 03:07:59.03347+00,2026-05-12 09:42:36.02+00
b46b28d5-d235-4c7c-82b1-7e6e24621b73,the-urbana-6,The Urbana+6,,https://dkdrfftuvroetapqrqbf.supabase.co/storage/v1/object/public/project-detail-images/1778577585756-ovdpngmvxgs.jpg,ตอบโจทย์ความสุขของทุกคนในครอบครัว กับความลงตัวของการออกแบบ และจัดพื้นที่ใช้สอยภายในบ้าน และ clubhouse ตอบทุกไลฟ์สไตล์ ให้คุณได้พักผ่อนไปกับบรรยากาศธรรมชาติที่ร่มรื่น,[],https://dkdrfftuvroetapqrqbf.supabase.co/storage/v1/object/public/project-pdfs/1775588783024-t02kwe1x8.pdf,"[{""name"":""TWIN HOUSE B"",""specs"":[{""label"":""3 ห้องนอน"",""value"":""3 ห้องน้ำ""},{""label"":""ที่จอดรถ"",""value"":""2  คัน""},{""label"":""ที่ดินเริ่มต้น"",""value"":""39.9 ตรว.""},{""label"":""พื้นที่ใช้สอย"",""value"":""139 ตรม.""}],""imageUrl"":""https://dkdrfftuvroetapqrqbf.supabase.co/storage/v1/object/public/project-detail-images/1776752430333-me1983f8eyg.png""}]",,,"[{""image1"":""https://dkdrfftuvroetapqrqbf.supabase.co/storage/v1/object/public/project-detail-images/1776752443116-xzhc9ftmonm.png"",""image2"":""https://dkdrfftuvroetapqrqbf.supabase.co/storage/v1/object/public/project-detail-images/1776752445513-b46oh008vub.png"",""facilities"":[{""icon"":""pool"",""name"":""สระว่ายน้ำส่วนกลาง""},{""icon"":""park"",""name"":""สวนสาธารณะ""},{""icon"":""clubhouse"",""name"":""คลับเฮาส์""},{""icon"":""security"",""name"":""รักษาความปลอดภัย""},{""icon"":""cctv"",""name"":""กล้องวงจรปิด""},{""icon"":""fitness"",""name"":""ฟิตเนส""}],""linkedHouseName"":""TWIN HOUSE B""}]","[{""name"":""ตลาดสดสันกำแพง"",""unit"":""กม."",""details"":[""ถ. สันกำแพงสายเก่า "",""แยกบ่อสร้าง""],""category"":""การเดินทาง"",""distance"":2.9},{""name"":""โลตัส สันกำแพง"",""unit"":""กม."",""details"":[""บิ๊กซีดอนจั่น"",""ถนนคนเดินสันกำแพง"",""เซลทรัล เชียงใหม่""],""category"":""ไลฟ์สไตล์"",""distance"":2.2},{""name"":""รร. สันกำแพง"",""unit"":""กม."",""details"":[""รร. มัธยมสันกำแพง"",""ม.พายัพ""],""category"":""โรงเรียน"",""distance"":2.9},{""name"":""รพ. สันกำแพง"",""unit"":""กม."",""details"":[""โรงพยาบาลเชียงใหม่ราม 2"",""โรงพยาบาลแมคคอร์มิค"",""โรงพยาบาลกรุงเทพ""],""category"":""โรงพยาบาล"",""distance"":6.4}]",https://dkdrfftuvroetapqrqbf.supabase.co/storage/v1/object/public/project-detail-images/1774865129099-ajt1e4ic2bi.png,"https://www.google.com/maps/embed?pb=!1m18!1m12!1m3!1d3812.4347678661225!2d99.10258329999999!3d18.7535427!2m3!1f0!2f0!3f0!3m2!1i1024!2i768!4f13.1!3m3!1m2!1s0x30da290b338a1d57%3A0xa95a560921c04def!2sThe%20Urbana%2B6!5e1!3m2!1sen!2sth!4v1776829588053!5m2!1sen!2sth"" width=""600"" height=""450"" style=""border:0;"" allowfullscreen="""" loading=""lazy"" referrerpolicy=""no-referrer-when-downgrade","[""https://dkdrfftuvroetapqrqbf.supabase.co/storage/v1/object/public/project-detail-images/1776847889608-b5cc1lgcp1.png"",""https://dkdrfftuvroetapqrqbf.supabase.co/storage/v1/object/public/project-detail-images/1776846618443-hwfdjicvlil.png"",""https://dkdrfftuvroetapqrqbf.supabase.co/storage/v1/object/public/project-detail-images/1776846645165-nasvm7zuhi.png"",""https://dkdrfftuvroetapqrqbf.supabase.co/storage/v1/object/public/project-detail-images/1776846686996-loh8brw3wg.png"",""https://dkdrfftuvroetapqrqbf.supabase.co/storage/v1/object/public/project-detail-images/1776846742451-nzpky1d5v99.png"",""https://dkdrfftuvroetapqrqbf.supabase.co/storage/v1/object/public/project-detail-images/1776846770754-ydsaj2xih7.png"",""https://dkdrfftuvroetapqrqbf.supabase.co/storage/v1/object/public/project-detail-images/1779092174542-yzauz3yv8.jpg""]",,,,,true,0,2026-03-30 09:56:46.374538+00,2026-05-18 08:16:17.665+00
ee5a48cf-dc3a-4e3e-af88-cb8481014508,palm-ville-1,Palm Ville แยกข่วงสิงห์ - ถ.โชตนา,,https://dkdrfftuvroetapqrqbf.supabase.co/storage/v1/object/public/project-detail-images/1778578213017-ibosw5dhp3.jpg,"วิถีชีวติใหม่...ให้คุณเป็นเจ้าของความสุข ท่ามกลางธรรมชาติ โครงการ ปาล์มวิลล์ แยกข่วงสิงห์ - ถ.โชตนา
บ้านเดี่ยวกลางเมือง ดีไซน์ โมเดิร์น 4 ห้องนอน 3 ที่จอดรถ
 
หน้าบ้านกว้างเป็นพิเศษ จอดรถได้ถึง 3 คัน พร้อมพื้นที่สีเขียวรอบบ้านที่สามารถให้ทุกชีวิตใช้พักผ่อน ดื่มด่ำธรรมชาติแบบส่วนตัวได้ทุกวัน
 
การดีไซน์พื้นที่ใช้สอยที่เน้นการใช้งานได้จริงในทุกพื้นที่ Living Area ที่กว้างขวาง เป็นพื้นที่พักผ่อนสำหรับทุกคนในครอบครัว เชื่อมต่อกับ Kitchen room ไม่ว่าจะรับประทานอาหารหรือนั่งที่ห้องนั่งเล่น สมาชิกในครอบครัวก็สามารถใช้เวลาร่วมกันได้
",[],https://dkdrfftuvroetapqrqbf.supabase.co/storage/v1/object/public/project-pdfs/1775588012192-cho9yenvqfn.pdf,"[{""name"":""Modish"",""specs"":[{""label"":""Walk in closet"",""value"":""""},{""label"":""4 ห้องนอน 3 ห้องน้ำ"",""value"":""""},{""label"":""ที่จอดรถ 3 คัน"",""value"":""""},{""label"":""ที่ดินเริ่มต้น 56. ตร.ว."",""value"":""""},{""label"":""พื้นที่ใช้สอย 234.50 ตร.ม."",""value"":""""}],""imageUrl"":""https://dkdrfftuvroetapqrqbf.supabase.co/storage/v1/object/public/project-detail-images/1776752945912-vkdj3j7ugkc.png""},{""name"":""VISTA"",""specs"":[{""label"":""4 ห้องนอน 3 ห้องน้ำ"",""value"":""""},{""label"":""ที่จอดรถ 2 - 3 คัน"",""value"":""""},{""label"":""พื้นที่ใช้สอย 222 - 241 ตร.ม."",""value"":""""},{""label"":""2 ห้องนั่งเล่น"",""value"":""""}],""imageUrl"":""https://dkdrfftuvroetapqrqbf.supabase.co/storage/v1/object/public/project-detail-images/1776752817467-5vbxuf08n0o.png""}]",,,"[{""image1"":""https://dkdrfftuvroetapqrqbf.supabase.co/storage/v1/object/public/project-detail-images/1778038038218-z1jxqok9wmh.png"",""image2"":""https://dkdrfftuvroetapqrqbf.supabase.co/storage/v1/object/public/project-detail-images/1778038028935-mf07ikn4c1k.png"",""facilities"":[{""icon"":""pool"",""name"":""สระว่ายน้ำส่วนกลาง""},{""icon"":""park"",""name"":""สวนสาธารณะ""},{""icon"":""clubhouse"",""name"":""คลับเฮาส์""},{""icon"":""security"",""name"":""รักษาความปลอดภัย""},{""icon"":""cctv"",""name"":""กล้องวงจรปิด""},{""icon"":""fitness"",""name"":""ฟิตเนส""}],""linkedHouseName"":""Modish""},{""image1"":""https://dkdrfftuvroetapqrqbf.supabase.co/storage/v1/object/public/project-detail-images/1776845904834-yvfkxup6jl.png"",""image2"":""https://dkdrfftuvroetapqrqbf.supabase.co/storage/v1/object/public/project-detail-images/1776845901074-am18qapbowt.png"",""facilities"":[{""icon"":""pool"",""name"":""สระว่ายน้ำส่วนกลาง""},{""icon"":""park"",""name"":""สวนสาธารณะ""},{""icon"":""clubhouse"",""name"":""คลับเฮาส์""},{""icon"":""fitness"",""name"":""ฟิตเนส""},{""icon"":""cctv"",""name"":""กล้องวงจรปิด""},{""icon"":""security"",""name"":""รักษาความปลอดภัย""}],""linkedHouseName"":""VISTA""}]","[{""name"":""ศูนย์ราชการ"",""unit"":""กม."",""details"":[""ถ. ซูเปอร์ไฮเวย์เชียงใหม่"",""ถ.โชตนา-แม่ริม""],""category"":""การเดินทาง"",""distance"":1.6},{""name"":""Central chiangmai"",""unit"":""กม."",""details"":[""ถ.นิมมานเหมินทร์"",""สนามบิน เชียงใหม่"",""MAYA"",""Lotus’s"",""คูเมืองเชียงใหม่""],""category"":""ไลฟ์สไตล์"",""distance"":5.9},{""name"":""ม.เชียงใหม่"",""unit"":""กม."",""details"":[""รร. นานาชาตินครพิงค์"",""ม.ราชภัฎ เชียงใหม่"",""ม.เทคโนโลยีราชมงคลล้านนา"",""รร.นานาชาติสิงคโปร์""],""category"":""โรงเรียน"",""distance"":6},{""name"":""รพ.นครพิงค์"",""unit"":""กม."",""details"":[""รพ.ลานนา"",""รพ.เชียงใหม่ราม"",""รพ.สวนดอก""],""category"":""โรงพยาบาล"",""distance"":3.1}]",https://dkdrfftuvroetapqrqbf.supabase.co/storage/v1/object/public/project-detail-images/1774954204181-mp17ji9tus8.png,"https://www.google.com/maps/embed?pb=!1m18!1m12!1m3!1d3653.385739990587!2d98.98198839999999!3d18.828764299999996!2m3!1f0!2f0!3f0!3m2!1i1024!2i768!4f13.1!3m3!1m2!1s0x30da3b9c95c3b9ab%3A0xf4c7486cc8809bb9!2sPalm%20Ville!5e1!3m2!1sen!2sth!4v1776846368473!5m2!1sen!2sth"" width=""600"" height=""450"" style=""border:0;"" allowfullscreen="""" loading=""lazy"" referrerpolicy=""no-referrer-when-downgrade","[""https://dkdrfftuvroetapqrqbf.supabase.co/storage/v1/object/public/project-detail-images/1778579361108-us7gtuk3c5.jpg"",""https://dkdrfftuvroetapqrqbf.supabase.co/storage/v1/object/public/project-detail-images/1778064687609-tnvpa4z70d.png"",""https://dkdrfftuvroetapqrqbf.supabase.co/storage/v1/object/public/project-detail-images/1774954365546-32tz4brqdt.jpg"",""https://dkdrfftuvroetapqrqbf.supabase.co/storage/v1/object/public/project-detail-images/1774954369400-hdni33ymgpd.png"",""https://dkdrfftuvroetapqrqbf.supabase.co/storage/v1/object/public/project-detail-images/1774954372052-ty9hjj7job.png"",""https://dkdrfftuvroetapqrqbf.supabase.co/storage/v1/object/public/project-detail-images/1778579383880-wbrqt7ugh3a.JPG"",""https://dkdrfftuvroetapqrqbf.supabase.co/storage/v1/object/public/project-detail-images/1778064694117-cx0wln4l4nh.png"",""https://dkdrfftuvroetapqrqbf.supabase.co/storage/v1/object/public/project-detail-images/1778064696265-odcxn9cp5jh.png"",""https://dkdrfftuvroetapqrqbf.supabase.co/storage/v1/object/public/project-detail-images/1778064698685-n7xdmfdzx4t.png""]",,,,,true,0,2026-03-31 10:44:48.586572+00,2026-05-12 09:51:16.853+00